match,home_win,draw,away_win
Argentina vs France,0.47520003,0.22233333,0.30236664
Brazil vs Germany,0.51426667,0.23666666,0.24906667
Spain vs England,0.5207,0.22573334,0.25363335
United States vs Mexico,0.28356668,0.23646666,0.47996664
Argentina vs Brazil,0.5054,0.23376666,0.2608
France vs Germany,0.5655,0.20716667,0.2273
Morocco vs Portugal,0.41056666,0.25466666,0.33476666
Japan vs Colombia,0.3908,0.24733333,0.36186668
